Domains,Links,Linked pages
homeone.com.au,264,1
local.com.au,39,1
homeimprovement2day.com.au,37,1
goguide.com.au,31,1
infobel.com,20,8
opendi.com.au,15,1
folkd.com,7,2
ozbusiness.com.au,5,1
dizylocal.com.au,4,1
misterwhat-au.com,2,1
websitelink.com.au,2,1
homeimprovementpages.com.au,2,1
zoominfo.com,2,1
yourtradie.com.au,2,1
kolor.us,1,1
superpages.com.au,1,1
aroundyou.com.au,1,1
clickblue.co,1,1
architectureanddesign.com.au,1,1
atug.com.au,1,1
australiabusinessinfo.com,1,1
businesslistingnow.com,1,1
top4.com.au,1,1
dlook.com.au,1,1
roofingassociation.com.au,1,1
startlocal.com.au,1,1
reverseau.com,1,1
agrieducation.org,1,1
ozzie.directory,1,1
gutterscreen.com.au,1,1
