Queries,Clicks,Impressions,CTR,Position
tp roofing,17,100,17%,3.5
roofing,10,1454,0.69%,29
active roofing,1,2,50%,1
new roof installation,1,106,0.94%,35
valley gutters,1,14,7.14%,25
roof repair,1,673,0.15%,42
roofing contractors sydney,1,61,1.64%,82
how to fix barge flashing,1,1,100%,39
roofing nsw,1,30,3.33%,45
roof repairs ryde,1,1,100%,3
residential roofing,1,35,2.86%,29
tile roof valley flashing,1,5,20%,36
tile ridge capping,0,3,0%,47
roof contractors,0,9,0%,45
barge flashing installation,0,1,0%,17
roofs or rooves,0,2,0%,50
leak in roof,0,1,0%,370
roof or roofs,0,1,0%,7
flexible roof flashing,0,4,0%,40
mcgrath ryde,0,2,0%,65
edmonds windmaster,0,31,0%,48
roof leak repair sydney,0,93,0%,72
what colour goes with terracotta roof tiles,0,1,0%,37
roof repair prices,0,2,0%,34
metal roofing contractors sydney,0,3,0%,100
slate roofing australia,0,2,0%,95
roofing tradesmen,0,9,0%,41
slate roofing company sydney,0,37,0%,49
slipped roof tile,0,2,0%,91
plastic roof guttering,0,1,0%,68
roofing.com,0,1,0%,4
roof valleys,0,21,0%,33
laying ridge tiles video,0,1,0%,66
roof valley seal,0,1,0%,68
lead flashing,0,1,0%,110
aluminium roofing profiles,0,1,0%,100
roof replacements,0,20,0%,34
all roof repairs,0,30,0%,61
plumbers sydney,0,1,0%,250
metal roofing jobs sydney,0,4,0%,75
polycarbonate roofing,0,3,0%,110
new roof installations wollongong,0,5,0%,45
all aspects roofing,0,1,0%,73
monier roof tile,0,3,0%,80
monier roof tiles problems,0,2,0%,75
master tilers association,0,1,0%,85
roof tile mortar repair,0,2,0%,50
roofers insurance sydney,0,5,0%,30
how to fix roof tiles at the ridge,0,1,0%,24
ridge capping repairs perth,0,4,0%,95
roof leak repair north shore,0,2,0%,52
monier roof,0,1,0%,59
temporary gutters,0,1,0%,37
how to install skylight on tile roof,0,1,0%,59
metal roof maintenance,0,5,0%,90
ray white gladesville,0,1,0%,73
polycarbonate roof,0,1,0%,90
sydney roof repair,0,33,0%,63
monier concrete roof tile,0,2,0%,94
colorbond flashing,0,21,0%,57
roof repair and maintenance,0,2,0%,20
rusted metal roofing,0,1,0%,33
roof whirlybird,0,2,0%,51
copper roofing experts,0,2,0%,49
roof repairs sydney north shore,0,23,0%,55
re roofers,0,3,0%,100
steel roof valley,0,2,0%,95
tile roof flashing installation,0,3,0%,28
slate roofing in sydney,0,6,0%,70
residential roofing products,0,1,0%,47
roofiing,0,1,0%,4
sydney roofing repairs,0,16,0%,95
colorbond re roofing,0,1,0%,89
colourbond flashing,0,15,0%,58
roof repairs north shore sydney,0,17,0%,40
how to repair roof valley,0,1,0%,23
apron flashings,0,2,0%,54
roof repair contractors near me,0,1,0%,46
damaged roof,0,8,0%,13
roof repair services,0,66,0%,30
valley flashing roof,0,1,0%,42
colour steel guttering,0,1,0%,79
roof tile replacement,0,8,0%,74
bed caps,0,2,0%,70
roof leak repairs,0,2,0%,60
whirlybird roof ventilator,0,5,0%,99
roofing chiswick,0,8,0%,45
metal roofing valley,0,1,0%,11
roofing maintenance,0,7,0%,80
roof repairs,0,656,0%,67
roof leaks sydney,0,128,0%,67
roof capping repairs,0,4,0%,71
master roofing australia,0,3,0%,33
polycarbonate capping,0,1,0%,100
residential roofing contractors,0,2,0%,89
storm damage roof replacement,0,1,0%,3
au roofing,0,2,0%,71
polyethylene,0,1,0%,12
strata management jobs,0,1,0%,94
roof flashing sydney,0,1,0%,65
monier concrete products,0,1,0%,19
colorbond roofing suppliers sydney,0,2,0%,87
au tp,0,1,0%,150
monier roofing tiles,0,1,0%,59
elite roof repair,0,1,0%,89
propertyiq strata,0,1,0%,87
flexible roof flashing products,0,6,0%,24
colorbond colours gutters,0,3,0%,61
roof edge repair,0,2,0%,87
how to install roof flashing,0,1,0%,35
storm repair,0,1,0%,43
installing downpipes,0,1,0%,84
colorbond ridge capping,0,4,0%,78
gutter colours,0,43,0%,91
lead flashings sydney,0,72,0%,37
repair ridge capping tiled roof,0,2,0%,100
clearing gutters,0,1,0%,10
gutters & downpipes,0,6,0%,49
slate roof repair sydney,0,2,0%,85
monier concrete roof tiles,0,3,0%,96
roof repairer,0,5,0%,90
slate roof repairs sydney,0,43,0%,67
heavy duty sarking,0,1,0%,50
tp link flaxi from,0,4,0%,73
tp tiled gallery,0,7,0%,12
sydney roofing lead,0,5,0%,98
roof tile ridge cap,0,2,0%,94
roof ridge cap repair,0,2,0%,31
tiled roof repair sydney,0,9,0%,84
roof repairers,0,19,0%,59
high point roofing,0,1,0%,93
roof pointing cement,0,2,0%,71
roofer.com,0,1,0%,2
how to install flashing on a roof,0,1,0%,43
roofing specialist sydney,0,52,0%,55
tp maintenance,0,1,0%,36
tile roofing sydney,0,1,0%,100
entry roof,0,1,0%,36
re roofing sydney,0,96,0%,61
best landlord insurance nsw,0,1,0%,74
which roofers,0,1,0%,69
gutters and roofs,0,1,0%,6
strata manager jobs,0,1,0%,77
roofing company sydney,0,2,0%,68
roof repair alexandria,0,1,0%,48
"""roof repair""",0,1,0%,4
how to install a whirlybird on a metal roof,0,1,0%,62
plumber ryde,0,23,0%,94
roof ventilation,0,1,0%,26
aluminium roofing products,0,1,0%,38
roofing jobs australia,0,1,0%,33
repair damaged roof,0,1,0%,85
roof restoration west ryde,0,88,0%,12
colorbond roofing sydney,0,6,0%,99
roof maintenance company,0,4,0%,61
gable and valley roof,0,2,0%,71
whirlybird installation,0,24,0%,83
roof replacement,0,1130,0%,38
tp gallery,0,1,0%,58
plumber east ryde,0,62,0%,46
roffing,0,2,0%,18
dj roofing,0,4,0%,72
bedding and pointing,0,1,0%,43
repair the roof,0,79,0%,54
colorbond whirlybird,0,1,0%,88
box gutter downpipe,0,2,0%,95
lead sheeting sydney,0,35,0%,59
concrete roof tiles prices,0,1,0%,74
gable cap,0,1,0%,15
roof maintenance,0,127,0%,36
tile roof weep holes,0,17,0%,33
metal flashings roof,0,1,0%,210
plumbing -chinese -china -0086 -86 -used -yellow -b2b -.gov -ebay -.edu -job -soft -alibaba -globalsource -ec21 -ec51 -blog -.org -business -ecvv -amazon -nextag -aol -youtube -dhgate -forum -hotfrog -jhmbuttco -thomex -bikudo -acesuppliers -cylex -bizrate -zhongguo,0,1,0%,220
custom roof flashing,0,2,0%,93
monier tiles,0,4,0%,74
install whirlybird,0,4,0%,60
replace tiles,0,2,0%,46
edmonds roof ventilator,0,6,0%,67
tp nsw,0,2,0%,6.5
as roofing,0,3,0%,71
roofing ventilation,0,1,0%,190
slate roofer sydney,0,1,0%,90
guttering colours,0,25,0%,75
roofing testimonials,0,1,0%,42
how to install terracotta roof tiles,0,2,0%,68
re-roofing,0,41,0%,60
colorbond roofing installers sydney,0,4,0%,99
storm damage roof,0,2,0%,15
how to replace broken roof tiles,0,1,0%,61
roof ridge repair,0,3,0%,35
terracotta roof replacement,0,3,0%,37
roof sydney,0,2,0%,90
ridge tile repair,0,3,0%,13
roof tiling north sydney,0,1,0%,71
monier clay roof tiles,0,1,0%,84
roofers public liability sydney,0,7,0%,59
flexible mortar for roof tiles,0,1,0%,51
monier roof tiles sydney,0,3,0%,60
residential roof replacement,0,3,0%,32
flexipoint,0,8,0%,61
colorbond apron flashing,0,1,0%,84
leaking roof repairs sydney,0,200,0%,82
possum,0,1,0%,66
roof leak repair,0,26,0%,73
roofing services,0,3,0%,260
bed tp,0,4,0%,16
roofing gallery,0,2,0%,11
roof,0,30,0%,32
how to install whirlybird on tile roof,0,1,0%,42
nsw builders licence,0,1,0%,89
roof repair near me,0,2,0%,51
roof repair chatswood,0,2,0%,49
full gutters,0,1,0%,43
water damage roof repair,0,2,0%,74
installing a whirlybird,0,1,0%,91
tile pointing,0,1,0%,45
residential roof repair,0,51,0%,21
installing roof ventilation,0,1,0%,32
terracotta roof caps,0,1,0%,25
master plumbers north shore,0,1,0%,120
tp bed,0,4,0%,9.3
+roof +repairs,0,1,0%,100
gladesville plumbing,0,1,0%,95
ridge capping services perth,0,35,0%,100
ventilation repairs,0,1,0%,300
when to replace gutters,0,1,0%,95
roofing gables,0,12,0%,50
roofing maintenance service,0,2,0%,39
storm damaged roof,0,1,0%,100
replacement gutters,0,22,0%,62
slate roofing sydney,0,44,0%,73
skylight flashing kits for metal roofs,0,2,0%,75
colorbond suppliers sydney,0,1,0%,94
small whirlybird,0,2,0%,46
terracotta products,0,1,0%,100
roof damage repair sydney,0,4,0%,76
roof pointing mix,0,2,0%,60
polycarbonate tiles,0,2,0%,88
colorbond flashing profiles,0,42,0%,64
roofer north shore,0,1,0%,51
roofing companies nearby,0,1,0%,69
install shingle roof,0,2,0%,260
re-bed,0,1,0%,10
roof tiler,0,1,0%,11
sydney roof repairs,0,151,0%,80
whirlybird replacement,0,3,0%,16
how to get possums out of roof,0,1,0%,93
roof roof,0,1,0%,39
how to fix ridge capping,0,1,0%,77
australia roofing,0,2,0%,84
able roofing,0,1,0%,100
roof valley repair,0,20,0%,70
possum in roof,0,20,0%,77
tile roof leaks,0,12,0%,82
residential roof repairs brisbane,0,2,0%,56
install new roof,0,2,0%,24
replacing downpipes,0,1,0%,14
terracotta ridge caps,0,2,0%,19
gutters and,0,1,0%,30
how to lay hip ridge tiles,0,1,0%,63
roofing repair companies near me,0,2,0%,38
"roof repairs,",0,14,0%,80
ridge roofing,0,2,0%,30
roofers in sydney australia,0,3,0%,36
roof roof repair,0,1,0%,22
clearing downpipes,0,1,0%,11
cover flashings,0,1,0%,82
shingle roof australia,0,4,0%,98
ceiling repair,0,3,0%,120
metal roofs and gutters,0,1,0%,290
monier cement roof tiles,0,1,0%,84
strata managers lane cove,0,5,0%,81
replace downpipes,0,4,0%,8.5
roof flashing suppliers,0,1,0%,39
how to repair a tile roof leak,0,2,0%,100
transparent roofing solutions,0,1,0%,74
roofing north ryde,0,78,0%,12
gable roofing,0,1,0%,55
roof flashing for metal roof,0,1,0%,95
plastic roof flashing,0,1,0%,32
fix leaking roof,0,31,0%,62
sydney reroofing,0,8,0%,93
csr roofing,0,6,0%,68
roof services sydney,0,26,0%,48
edmonds windmaster price,0,22,0%,24
wide plastic guttering,0,1,0%,86
downpipes and gutters,0,4,0%,82
sydney wide metal roofing,0,33,0%,37
terracotta roof tiles installation,0,3,0%,91
copper roof sydney,0,1,0%,98
tile roof valley,0,3,0%,70
roof tp,0,5,0%,5
all roofing services,0,30,0%,33
roof valley replacement,0,2,0%,17
roof plumber,0,1,0%,4
bed repair service,0,1,0%,66
leaking roof sydney,0,141,0%,63
leaking roof repairs toowoomba,0,2,0%,86
slate roof restoration sydney,0,8,0%,45
roofing advice,0,1,0%,43
new roofing products,0,4,0%,65
polycarbonate roofing sydney,0,32,0%,34
metal flashings,0,1,0%,230
terracotta roof tiles,0,12,0%,160
flexi point,0,3,0%,62
monier concrete roof tiles for sale,0,3,0%,85
ceiling replacement,0,1,0%,62
roof repair in my area,0,2,0%,72
pointing cement,0,1,0%,96
sydney slate roofing,0,26,0%,74
windmaster whirlybird price,0,2,0%,32
affordable roofing,0,2,0%,150
re roof sydney,0,44,0%,59
roof installation,0,198,0%,35
roof repairs north shore,0,11,0%,71
roof tiles or colorbond,0,1,0%,93
roof leakage solution,0,2,0%,32
installing colorbond roofing,0,8,0%,94
re-roof,0,24,0%,57
edmonds ventilation,0,1,0%,95
roof bedding mortar,0,1,0%,51
roof repairs and maintenance,0,21,0%,13
colorbond vs tiles,0,1,0%,87
gutters,0,1,0%,170
replace gutters,0,6,0%,66
flexible ridge pointing,0,5,0%,38
roofing services sydney,0,51,0%,59
sydney roof replacement,0,56,0%,54
roof tiles repair,0,4,0%,70
leaking shingle roof,0,1,0%,100
install screen,0,3,0%,51
edmonds roof ventilators,0,18,0%,57
fixing roof leaks,0,2,0%,71
replacement roof tiles,0,1,0%,81
local roofers near me,0,2,0%,59
new roof prices,0,1,0%,52
roof restoration north ryde,0,89,0%,9.7
what is roof maintenance,0,3,0%,63
roofs repair,0,1,0%,11
hia ryde,0,1,0%,73
metal roofing installation happy valley or,0,1,0%,88
repair point,0,1,0%,76
whirlybird roof ventilation,0,8,0%,55
damaged roof tiles,0,2,0%,94
all roof australia,0,1,0%,49
"roofing,",0,33,0%,28
colorbond roof replacement,0,8,0%,83
mcgrath property,0,1,0%,85
roof valley sealant,0,1,0%,84
commercial roofing sydney,0,7,0%,85
colorbond roofing installation,0,44,0%,84
east ryde plumber,0,48,0%,47
monier terracotta roof tiles,0,6,0%,73
roofing residential,0,3,0%,37
lead roof,0,12,0%,91
ridge cap pointing,0,9,0%,25
roof service company,0,11,0%,64
roof to roof flashing,0,2,0%,62
metal residential roofs,0,2,0%,84
allen roofing contractors,0,1,0%,140
roofing chatswood,0,10,0%,86
broken roof,0,1,0%,86
roofers sydney,0,80,0%,79
ridge capping repairs adelaide,0,4,0%,94
tp products,0,1,0%,14
new roof leaking,0,2,0%,40
roof leaking,0,6,0%,66
roofing in australia,0,3,0%,66
roof flashings,0,100,0%,39
roofing installations,0,3,0%,71
home roof replacement,0,13,0%,46
fix my roof,0,2,0%,99
tp homes,0,1,0%,86
roof inspection sydney,0,48,0%,39
polycarbonate roofing rozelle,0,6,0%,9.8
roofing contractor sydney,0,9,0%,93
easy roof repair,0,2,0%,76
fix a roof,0,1,0%,61
monier,0,3,0%,90
ridge pointing,0,7,0%,39
flashings for metal roofing,0,11,0%,95
roofing companies sydney,0,23,0%,82
safework nsw,0,2,0%,75
local roofers,0,5,0%,61
metal roof valley installation,0,2,0%,87
how to install roof ventilation,0,5,0%,80
roof repairs north sydney,0,9,0%,31
roof valley guard,0,3,0%,96
gable valley roof,0,1,0%,73
terracotta bedding,0,1,0%,88
roof leak repair near me,0,2,0%,68
under the gable,0,4,0%,17
hia north ryde,0,1,0%,75
gutter leaf guard sydney,0,2,0%,85
roofing service sydney,0,16,0%,50
home roof repairs,0,11,0%,65
colorbond or tiles,0,1,0%,89
roof slating sydney,0,1,0%,84
roof leaks repair,0,10,0%,30
colorbond roof warranty,0,1,0%,48
tp screen,0,1,0%,10
roof flashing replacement,0,108,0%,33
tile roofing products,0,1,0%,90
"""roof replacement""",0,17,0%,17
pointing roof tiles,0,2,0%,62
replacement tiles,0,1,0%,41
roof sarking repair,0,1,0%,81
roof sealing,0,1,0%,61
ryde estate agent,0,1,0%,83
roof damage repair,0,25,0%,13
roof repairs melbourne east,0,1,0%,92
colorbond roof capping,0,1,0%,93
used monier roof tiles for sale,0,3,0%,81
roof tiling jobs sydney,0,1,0%,120
flexi products,0,1,0%,97
roof tile pointing,0,21,0%,64
an roofing,0,3,0%,39
csr monier roof tiles,0,1,0%,37
roofing north shore,0,5,0%,77
roof capping cement,0,2,0%,56
fix broken tiles,0,2,0%,63
tile cap,0,2,0%,69
monier life tile roof,0,2,0%,91
downpipes,0,17,0%,91
replacement roofing,0,13,0%,46
missing tiles,0,1,0%,5
metal roof skylight flashing detail,0,2,0%,98
leaf screens for gutters,0,2,0%,95
polycarbonate ridge capping,0,1,0%,38
roof valley pointing,0,4,0%,43
mcgrath property management lower north shore,0,4,0%,42
roofing contractors,0,1,0%,9
polycarbonate roofing prices,0,1,0%,98
roofing ermington,0,7,0%,56
roofing lead sydney,0,3,0%,110
how to install sarking in existing roof,0,9,0%,58
repair and maintenance,0,1,0%,120
installing lead flashing on tiled roof,0,4,0%,19
colorbond guttering colour chart,0,22,0%,73
custom flashings,0,6,0%,88
storm damage roof repair,0,2,0%,7.5
roofers,0,1,0%,3
lead roofing sydney,0,94,0%,66
roofing specialists,0,21,0%,64
colorbond flashings,0,44,0%,63
whirlybirds installation,0,8,0%,71
ridge capping cement,0,2,0%,57
tile roof flashing,0,3,0%,84
roof repair products,0,3,0%,51
monier concrete,0,2,0%,72
monier roof tile colours,0,6,0%,57
ridge caps,0,12,0%,5.2
ridge tiles on roof,0,1,0%,43
sunroof repair,0,1,0%,49
how to repair rusted gutters,0,2,0%,90
roofinh,0,2,0%,7
emergency roof repair,0,2,0%,85
monier roof tiles adelaide,0,2,0%,93
how to fix broken roof tiles,0,1,0%,100
roofs are us,0,1,0%,84
small roof,0,1,0%,100
roofing repair sydney,0,130,0%,62
recommended roofers,0,1,0%,78
minor roof repair,0,4,0%,64
sydney roofers,0,31,0%,88
plumbers in ryde nsw,0,5,0%,72
polycarbonate roof tiles,0,3,0%,84
re roofing,0,290,0%,60
roof specialist,0,3,0%,79
roof whirlybirds,0,8,0%,92
roof ridge,0,15,0%,37
monier australia,0,1,0%,97
water leak roof repair,0,2,0%,95
monier roof tile suppliers,0,1,0%,87
chimney flashing tile roof,0,1,0%,23
repairstorm,0,1,0%,60
photo tp,0,2,0%,100
bws drummoyne hours,0,1,0%,98
roofing.,0,3,0%,8.7
edmonds csr,0,7,0%,78
roof instalation,0,8,0%,43
lead flashing repairs,0,28,0%,100
how to fix roof flashing,0,1,0%,74
tiled roof replacement,0,4,0%,250
gutters and downpipes,0,23,0%,44
how to repair roof ridge cap,0,6,0%,23
nearest roofing company,0,2,0%,75
how to install ridge cap,0,1,0%,49
valley roof,0,7,0%,90
bed tiles,0,1,0%,58
north shore roofing solutions,0,2,0%,21
roofing repair,0,65,0%,42
roof tile bedding mortar,0,3,0%,59
bed repair,0,2,0%,36
possum roof,0,1,0%,95
plumber west ryde,0,1,0%,96
roofing meadowbank,0,1,0%,8
install colorbond roof,0,1,0%,71
roof restoration in sydney,0,6,0%,100
roof insulation ventilation,0,1,0%,280
storm damage repair,0,1,0%,300
roof repairs in sydney,0,66,0%,60
whirlybird installation sydney,0,19,0%,70
roof repair companies,0,22,0%,70
roof repair service,0,26,0%,58
roof to gutter flashing,0,1,0%,55
roof ridge tiles,0,3,0%,35
how to clean downpipes,0,2,0%,75
repair my roof,0,14,0%,31
roof damage,0,1,0%,53
re roofing custom site au -,0,11,0%,43
colours that go with terracotta tiles,0,1,0%,86
ridge tile mortar,0,2,0%,28
sydney roofing company,0,41,0%,76
colorbond gutter colours,0,76,0%,68
flexipoint suppliers,0,5,0%,15
metal roof restoration sydney,0,2,0%,97
residential roofing solutions,0,57,0%,40
high-end roofing contractors allen,0,1,0%,90
leafscreen,0,4,0%,53
tiled roofs sydney,0,3,0%,78
roofer sydney,0,116,0%,61
brisbane roofing services and solutions,0,2,0%,27
storm roof,0,1,0%,9
lead flashing in sydney,0,67,0%,71
roof installers near me,0,3,0%,55
polycarbonate roofing installation,0,1,0%,91
windmaster roof vent,0,11,0%,90
roofing ryde,0,129,0%,4.2
gutter between two roofs,0,2,0%,51
aluminium roof tiles,0,1,0%,26
repair roof,0,130,0%,55
how to repair a roof,0,2,0%,72
polycarbonate sydney,0,3,0%,68
broken tiles,0,8,0%,55
white roofing,0,1,0%,81
colorbond roofing suppliers,0,3,0%,97
rooftop repairs & maintenance,0,1,0%,39
sydney copper roofing,0,5,0%,100
how to repair lead flashing,0,1,0%,86
roof tile mortar mix,0,4,0%,55
leaf screen,0,39,0%,40
replacement roof,0,2,0%,60
installation and maintenance,0,1,0%,470
new roofing installation,0,3,0%,11
gutters replacement,0,3,0%,170
fix roof leak,0,3,0%,67
monier roof tile warranty,0,1,0%,20
roofing eastwood,0,33,0%,76
a & t roofing,0,2,0%,32
"""roofing""",0,3,0%,60
timber tiles,0,1,0%,200
roof flashing installation,0,1,0%,61
csr edmonds,0,10,0%,72
maintenance,0,1,0%,80
bedding ridge tiles,0,2,0%,32
roofing replacements,0,1,0%,9
residential roofing services,0,1,0%,12
roof leak,0,15,0%,59
kogarah tyrepower service,0,1,0%,74
slate roofing services,0,1,0%,100
roof barrier protection,0,1,0%,78
what colours go with terracotta tiles,0,1,0%,79
faulkner roofing,0,9,0%,4.7
"""roof repairs""",0,3,0%,45
www tp,0,1,0%,26
how to install ridge capping colorbond,0,1,0%,55
lead flashings,0,4,0%,100
monier roof tiles colour range,0,3,0%,51
ridge capping company perth,0,55,0%,80
roof valley gutter,0,4,0%,56
sydney roofing services,0,2,0%,52
roof repairs sydney reviews,0,14,0%,90
roof repair company perth,0,8,0%,90
roof repairs sydney,0,841,0%,63
roof flashing repair,0,11,0%,37
roof fix,0,36,0%,49
colorbond guttering colours,0,74,0%,55
leaking roof repairs canberra,0,7,0%,74
roof repairs sydney west,0,39,0%,51
roof leaking repair,0,11,0%,52
windmaster whirlybird,0,43,0%,50
monier roof tiles,0,10,0%,75
roof tile maintenance,0,6,0%,71
roof screen,0,1,0%,52
roof builders near me,0,2,0%,63
roof valley,0,23,0%,55
tiles repair,0,1,0%,39
polycarbonate roof replacement,0,1,0%,54
metal roofing,0,1,0%,47
roof solutions,0,2,0%,120
how to install a whirlybird on tile roof,0,2,0%,68
maintenence,0,1,0%,81
roof edge capping,0,1,0%,92
trent faulkner,0,12,0%,6.8
roof slating jobs,0,1,0%,54
polycarbonate roof repairs,0,4,0%,15
csr edmonds windmaster,0,23,0%,25
screen roof,0,1,0%,36
the roof leaks,0,2,0%,63
terracotta ridge capping,0,4,0%,29
gable tile roof,0,1,0%,5
ridgecaps,0,1,0%,4
roofing installation,0,13,0%,89
small roof repair,0,2,0%,78
roofing members,0,1,0%,15
perspex roofing,0,14,0%,33
best roofing products,0,1,0%,53
new roof,0,94,0%,20
tile roof ridge cap,0,3,0%,39
click roofing,0,1,0%,93
colorbond roof flashing,0,19,0%,49
roofing help,0,1,0%,57
east west roofing,0,2,0%,78
slate roof repairs,0,2,0%,93
what is a ridge cap,0,1,0%,53
"roofing services in artarmon, nsw",0,4,0%,10
roof tile product,0,1,0%,90
roof leak repair melbourne,0,1,0%,160
roof fixing,0,12,0%,36
how to lay ridge tiles,0,1,0%,26
slate repairs sydney,0,1,0%,78
fix it roofing,0,2,0%,60
roofing companies near me,0,1,0%,71
possum in roof damage,0,2,0%,100
repair roofing,0,5,0%,21
ridge capping installation,0,19,0%,49
slate shingles sydney,0,40,0%,77
roof change,0,2,0%,51
roofing company,0,1,0%,21
lead flashing suppliers,0,1,0%,29
tp solutions,0,1,0%,79
roof maintenance sydney,0,59,0%,37
flexi roof,0,3,0%,15
mechanics west ryde,0,7,0%,95
roof leak sydney,0,12,0%,47
roofing jobs near me,0,2,0%,70
colorbond vs tile roof,0,1,0%,99
service roofing company,0,1,0%,93
flashings,0,9,0%,69
roof leaks,0,146,0%,58
roof cap installation,0,2,0%,21
copper roofing in sydney,0,27,0%,110
slate tile roofing sydney,0,11,0%,82
lindfield roofing,0,9,0%,85
slate tile roof repair sydney,0,36,0%,71
roof service,0,3,0%,36
roof flashing products,0,5,0%,31
ridge capping tiles,0,5,0%,29
roofing vent caps,0,1,0%,28
gutters causing ceiling leak,0,1,0%,93
what is a roof ridge,0,1,0%,47
re roof,0,127,0%,62
ridge tile cement mix,0,3,0%,50
replace tile roof with colorbond,0,1,0%,100
fast fix roofing,0,2,0%,70
missing roof tile,0,1,0%,17
seal roofing,0,1,0%,62
roof leakage,0,1,0%,80
copper roofing sydney,0,9,0%,110
colorbond ridge capping dimensions,0,1,0%,90
roof tile cement mortar,0,2,0%,53
roof ventilation cap,0,2,0%,91
pointing ridge tiles,0,4,0%,49
roof ridge cap,0,8,0%,27
slate roofing,0,3,0%,100
roof ventilation whirlybird,0,4,0%,83
​leaking roof repairs sydney​,0,4,0%,65
roof tilers sydney,0,43,0%,63
roofing repairs sydney,0,162,0%,58
leaking roof repair,0,17,0%,92
replacement guttering and downpipes,0,15,0%,71
colorbond roof replacement sydney,0,1,0%,89
roof services,0,1,0%,86
monier roof tiles colors,0,1,0%,85
replace roof,0,23,0%,53
colorbond downpipes,0,8,0%,70
leaking roofs,0,11,0%,57
leaking roof,0,1,0%,300
roof replacement service,0,13,0%,47
ray white ryde,0,1,0%,88
roofers near me,0,1,0%,80
strata managers ryde,0,35,0%,73
metal roofing valley detail,0,1,0%,39
valley flashings,0,1,0%,67
colorbond tiles,0,1,0%,85
monier tile,0,4,0%,88
tile roof maintenance,0,22,0%,84
how to fix a leaking roof,0,1,0%,270
residential roofing company,0,1,0%,6
roofers wanted,0,1,0%,79
lead gutter,0,16,0%,65
flexible roof tiles,0,3,0%,72
leaks in roofs,0,1,0%,390
new roofing,0,5,0%,31
slate roof maintenance,0,29,0%,95
"""roof leaks""",0,3,0%,32
sydney re roofing,0,26,0%,61
roof roof roofing company,0,1,0%,12
metal roof repairs sydney,0,6,0%,81
roofing invoice,0,2,0%,96
roof restoration ryde,0,10,0%,5.6
t p roofing,0,2,0%,7.5
ridge capping repairs,0,7,0%,90
best roof colours,0,2,0%,80
concrete tiles lower northshore,0,3,0%,47
roof leak repairs sydney,0,102,0%,57
mcconnell bourn,0,2,0%,61
ridge flashings,0,1,0%,57
roofing licence nsw,0,1,0%,70
colorbond stainless steel price,0,1,0%,45
lead roofing in sydney,0,56,0%,74
roof repair company,0,169,0%,61
tile roof leak repair,0,11,0%,79
slate roof sydney,0,21,0%,69
whirlybirds roof,0,2,0%,100
how to replace lead flashing,0,1,0%,36
what is a ridge cap on a roof,0,2,0%,35
roof installation sydney,0,119,0%,66
new roof sydney,0,12,0%,30
ryde plumber,0,7,0%,88
australia wide roofing,0,1,0%,54
roof replacement sydney,0,278,0%,48
long life roofing,0,1,0%,90
how to install a whirlybird,0,6,0%,90
roof roofing,0,1,0%,10
metal roof repairs,0,1,0%,96
roofers public liability,0,14,0%,57
roofing replacement,0,70,0%,37
plastic roof tiles,0,1,0%,85
sydney roofer,0,33,0%,53
leaf installation,0,1,0%,9
roofing solutions,0,10,0%,94
old ridge tiles,0,1,0%,52
csr tiles,0,2,0%,71
ridge tiles,0,3,0%,52
what is roof capping,0,1,0%,77
terracotta gutters,0,1,0%,4
monier roofing,0,4,0%,57
concrete repairs sydney,0,1,0%,26
sneaky possum,0,1,0%,92
monier concrete tiles,0,5,0%,49
tp,0,35,0%,33
roof repair in sydney,0,66,0%,61
how to fix leaking roof,0,1,0%,6
roofing west ryde,0,78,0%,8.4
colorbond flashing prices,0,8,0%,74
roof repair specialist,0,15,0%,59
roofer repair,0,1,0%,6
edmonds supavent price,0,16,0%,87
roofing jobs sydney,0,4,0%,41
first class roofing,0,3,0%,92
flexible pointing mortar,0,2,0%,35
froofing,0,1,0%,3
strata management ryde,0,18,0%,81
roof pointing mortar,0,3,0%,56
secure roofing,0,1,0%,91
home roof repair,0,13,0%,52
new roof north sydney,0,1,0%,51
roofing sydney,0,248,0%,69
roofing services near me,0,3,0%,69
leaking roof repairs,0,9,0%,77
slate roofers sydney,0,4,0%,69
stoddart roofing,0,1,0%,88
repair roof tiles,0,1,0%,96
opening roofs sydney,0,2,0%,99
monier roof tile colors,0,3,0%,73
roofing maintenance jobs,0,1,0%,91
roof seal,0,3,0%,78
ridge cap,0,3,0%,51
what is roof flashing made of,0,1,0%,50
terracotta ridge tiles,0,1,0%,100
flexipoint prices,0,7,0%,20
reroofing company,0,7,0%,59
t.p.,0,1,0%,17
flexipoint colours,0,1,0%,9
commercial roofing contractors sydney,0,4,0%,86
gable tiles,0,4,0%,3.8
roofing or flooring expert,0,1,0%,2
roof flashing,0,1,0%,92
price difference between colorbond and tile roof,0,2,0%,88
flashings roof,0,2,0%,23
local roofing services,0,1,0%,38
aluminium roof flashing,0,10,0%,28
roofing valley,0,2,0%,17
roof repairs near me,0,1,0%,56
roof repair sydney,0,409,0%,63
colorbond products,0,8,0%,87
roofing service,0,54,0%,52
csr monier,0,4,0%,59
tp tiles,0,1,0%,28
cheap roof replacement brisbane northside,0,4,0%,85
roofing ridge,0,2,0%,24
roof gutters,0,15,0%,110
plumbing rozelle,0,1,0%,110
terracotta pipes sydney,0,1,0%,100
roof repair and replacement,0,4,0%,110
roofers in my area,0,3,0%,68
metal roof valley flashing,0,1,0%,75
roof gable,0,3,0%,63
colorbond roof images,0,1,0%,94
csr roof tiles,0,3,0%,29
replace roof tiles,0,1,0%,85
valley gutter flashing,0,1,0%,29
how to install lead flashing,0,1,0%,63
new roof replacement,0,2,0%,97
roofing specialists sydney,0,48,0%,40
roof ventilation installation,0,3,0%,39
slate roofing repairs sydney,0,22,0%,67
roof repair solutions,0,2,0%,9.5
leaking roof repairs north shore sydney,0,2,0%,36
repairs roof,0,34,0%,59
roof tiling sydney,0,48,0%,89
roof mortar repair,0,1,0%,23
roof over roof,0,2,0%,98
roofing repair company,0,64,0%,120
edmonds windmaster whirlybird,0,3,0%,27
roofing carlingford,0,16,0%,81
monier terracotta,0,1,0%,45
gable tile,0,3,0%,5.3
re bed,0,1,0%,6
roof re,0,3,0%,54
whirlybird sydney,0,1,0%,100
roof tile pointing mortar,0,1,0%,59
roofing install,0,1,0%,23
tile roof repair,0,2,0%,89
roof tile colours,0,13,0%,72
concrete tile roof repair mortar,0,1,0%,77
reroofing,0,135,0%,39
roof repair materials,0,4,0%,61
mcgrath estate agents,0,3,0%,47
lead free flashings,0,1,0%,22
gable end roof repairs,0,1,0%,89
plumber and tiler,0,1,0%,77
how to point a roof,0,1,0%,15
replace slate roof,0,4,0%,81
roofing standards australia,0,1,0%,66
roof expert,0,1,0%,7
roof contractors sydney,0,4,0%,59
how to install colorbond roof,0,3,0%,56
roof flashing profiles,0,2,0%,70
colour bond flashing,0,1,0%,61
local roofing repair,0,3,0%,67
gable repair,0,2,0%,9.5
new roof price,0,2,0%,100
sydney roof replacements,0,42,0%,47
roof restoration sydney west,0,62,0%,69
roofing materials sydney,0,9,0%,69
fix roof sydney,0,11,0%,36
csr edmonds ventilation,0,39,0%,69
ridge and hip tiles,0,1,0%,76
new roofs,0,14,0%,16
roofing repairs,0,11,0%,64
roofing services nsw,0,15,0%,37
